Employee_ID,Department,Age,Salary,Experience,Performance,Attrition
1001,Marketing,56,114230,11,98,Yes
1002,Marketing,59,81736,5,55,Yes
1003,Sales,49,132352,1,68,No
1004,Marketing,34,77719,12,69,Yes
1005,HR,60,125753,28,70,Yes
1006,Finance,49,97107,33,54,Yes
1007,Finance,53,60536,33,54,No
1008,Finance,43,81006,4,40,No
1009,IT,44,69387,31,52,Yes
1010,Sales,34,69971,27,75,No
1011,IT,43,41968,27,62,No
1012,HR,43,71546,2,79,No
1013,Finance,56,42188,4,40,Yes
1014,Marketing,35,127061,1,97,No
1015,Marketing,36,99691,20,76,No
1016,HR,57,127163,31,84,No
1017,Marketing,43,79626,18,92,No
1018,Marketing,31,104547,6,87,No
1019,IT,31,114305,24,51,Yes
1020,Sales,57,61943,1,79,No
1021,Sales,36,69123,32,44,Yes
1022,HR,36,106398,12,98,No
1023,Sales,37,41224,20,82,No
1024,Sales,52,52871,3,78,No
1025,Marketing,41,143388,33,98,No
1026,IT,26,63319,9,48,No
1027,HR,56,113981,22,45,Yes
1028,Finance,58,135870,34,40,No
1029,Sales,45,118251,29,93,Yes
1030,Sales,38,127587,7,77,No
1031,IT,42,144290,3,64,Yes
1032,IT,35,124082,20,43,No
1033,Marketing,37,138520,11,40,No
1034,Sales,59,52567,19,50,No
1035,Finance,58,47112,26,97,No
1036,Finance,44,55587,1,80,No
1037,Sales,33,103289,24,60,No
1038,IT,47,82807,10,58,No
1039,HR,22,149120,26,46,Yes
1040,Sales,38,82008,17,74,No
1041,Marketing,27,148014,3,52,No
1042,Sales,25,112311,22,94,No
1043,HR,29,55321,19,89,No
1044,IT,60,50549,8,49,No
1045,Sales,36,132926,25,59,Yes
1046,IT,39,119113,2,85,No
1047,HR,38,50485,2,57,Yes
1048,Finance,48,111302,2,43,Yes
1049,Marketing,27,147586,31,79,No
1050,IT,60,115871,32,40,No
1051,IT,46,93958,1,95,No
1052,IT,41,49346,30,96,No
1053,HR,52,68817,27,43,No
1054,Marketing,58,86175,35,80,No
1055,HR,53,130772,28,50,No
1056,Sales,55,129038,9,88,No
1057,Sales,58,63282,11,86,Yes
1058,IT,55,67485,19,58,Yes
1059,IT,60,67193,20,50,Yes
1060,Finance,32,60831,6,67,Yes
1061,Sales,36,108572,27,64,No
1062,IT,31,63542,32,79,No
1063,IT,45,83405,24,80,No
1064,HR,57,92772,31,55,No
1065,HR,50,76995,10,60,No
1066,Marketing,25,129169,18,88,No
1067,Marketing,40,58818,25,97,No
1068,IT,47,142320,12,44,No
1069,Finance,28,129254,3,89,Yes
1070,Finance,45,114477,6,86,No
1071,Finance,54,139502,14,61,No
1072,Marketing,43,67000,24,46,No
1073,IT,42,146947,22,100,No
1074,Marketing,54,103721,12,66,No
1075,HR,45,92862,30,96,No
1076,Sales,33,79196,24,49,Yes
1077,IT,48,127871,33,78,No
1078,Marketing,33,69580,22,79,No
1079,Finance,22,68974,15,96,No
1080,Finance,53,91382,30,78,No
1081,Sales,53,81842,10,43,No
1082,Sales,35,76064,21,45,No
1083,IT,35,63765,21,85,No
1084,Finance,31,48420,34,49,Yes
1085,Sales,22,46648,10,55,Yes
1086,IT,43,130170,17,40,Yes
1087,Marketing,57,111773,22,79,Yes
1088,IT,55,58625,4,63,No
1089,Finance,54,107236,14,43,Yes
1090,Finance,38,115975,35,79,No
1091,Finance,45,65609,10,85,No
1092,Sales,51,59252,26,93,No
1093,Sales,27,131299,10,97,No
1094,Marketing,57,81298,27,97,No
1095,Marketing,42,123315,17,90,Yes
1096,Sales,37,106022,16,95,No
1097,IT,31,42610,18,93,No
1098,Finance,42,43970,24,58,Yes
1099,Sales,28,84684,19,83,Yes
1100,Sales,45,81539,33,52,No
1101,Sales,31,124666,3,94,No
1102,IT,41,61332,10,92,No
1103,Sales,58,52667,18,55,No
1104,Sales,26,100394,10,88,Yes
1105,Finance,37,118910,10,46,No
1106,IT,29,65639,2,85,No
1107,HR,28,49269,28,42,Yes
1108,Sales,46,59259,33,61,No
1109,Sales,33,97461,25,80,No
1110,IT,22,87239,32,66,No
1111,Finance,50,107244,32,48,No
1112,Sales,39,136005,31,43,No
1113,IT,22,76799,31,62,No
1114,Finance,26,103861,26,41,No
1115,HR,56,71959,32,98,No
1116,Marketing,46,49064,23,55,No
1117,Marketing,59,139629,28,59,Yes
1118,Finance,28,88337,14,76,Yes
1119,IT,33,103363,17,80,No
1120,HR,40,138928,32,51,No
1121,Sales,23,95515,33,97,No
1122,Sales,49,127809,9,46,Yes
1123,Marketing,55,137761,26,99,No
1124,Marketing,56,73752,17,65,Yes
1125,IT,48,127310,24,67,Yes
1126,Finance,35,141076,29,57,No
1127,Sales,48,94469,28,77,No
1128,Finance,54,76719,5,41,No
1129,HR,23,120203,27,71,Yes
1130,Sales,45,78814,26,82,No
1131,IT,51,86060,8,78,No
1132,Sales,60,66107,31,60,No
1133,Sales,28,59472,27,68,No
1134,IT,36,81153,31,40,Yes
1135,HR,48,124929,11,85,No
1136,IT,52,88604,18,64,No
1137,Marketing,29,136222,14,66,No
1138,HR,25,89253,27,62,No
1139,IT,47,113252,31,77,No
1140,Finance,32,80295,21,50,No
1141,Finance,55,125334,24,83,No
1142,HR,48,112400,7,90,No
1143,Sales,50,83279,4,44,No
1144,Marketing,34,96310,21,43,No
1145,Finance,53,101142,6,63,Yes
1146,Sales,51,121841,29,44,No
1147,IT,37,71146,23,69,Yes
1148,IT,34,108923,17,90,Yes
1149,Sales,41,139694,34,52,No
1150,Finance,34,130041,8,98,Yes
1151,IT,30,79006,15,65,Yes
1152,Marketing,29,76875,6,46,Yes
1153,Sales,34,88723,3,41,Yes
1154,Marketing,28,114053,29,59,Yes
1155,IT,26,57684,3,43,No
1156,Finance,28,137503,4,87,No
1157,HR,59,44219,31,94,No
1158,IT,22,40110,7,40,No
1159,HR,57,55312,2,60,No
1160,Finance,56,45491,32,99,No
1161,Finance,51,66105,22,79,No
1162,Sales,39,111980,27,47,No
1163,IT,57,140991,29,87,Yes
1164,HR,33,76342,7,75,No
1165,Sales,30,144065,15,48,No
1166,HR,25,109229,29,88,No
1167,IT,54,91930,18,67,No
1168,HR,31,145934,22,77,No
1169,Sales,47,49525,19,64,Yes
1170,Marketing,32,74931,8,53,No
1171,IT,60,98817,7,85,No
1172,Sales,26,56360,28,83,No
1173,Marketing,37,41510,20,62,No
1174,Finance,38,63957,21,58,No
1175,HR,58,46901,34,92,No
1176,HR,29,59797,5,62,Yes
1177,Sales,48,119634,34,99,No
1178,Marketing,46,94180,21,60,No
1179,HR,58,57786,13,51,No
1180,IT,27,93075,20,65,No
1181,Sales,49,83976,4,59,Yes
1182,HR,34,44059,31,63,No
1183,IT,40,113283,24,45,No
1184,Finance,49,100655,22,55,No
1185,Marketing,23,49876,22,47,Yes
1186,Marketing,26,120795,20,91,No
1187,Sales,35,88979,19,64,No
1188,IT,22,113271,10,76,No
1189,IT,45,69998,12,75,No
1190,HR,33,73900,20,58,No
1191,Sales,54,78358,23,66,No
1192,Sales,49,116677,15,69,No
1193,Sales,37,108327,33,77,Yes
1194,Sales,33,62037,23,57,No
1195,Sales,58,121467,7,41,No
1196,HR,43,80357,25,49,No
1197,Sales,26,41291,28,60,Yes
1198,Marketing,30,85552,17,40,Yes
1199,IT,29,142769,30,60,Yes
1200,HR,25,90485,11,43,No
